{"cameraMode":{"drawMode":0,"name":"Shaded","section":"Shading Mode"},"sceneLighting":false,"audioPlay":false,"sceneViewState":{"m_AlwaysRefresh":false,"showFog":true,"showSkybox":false,"showFlares":true,"showImageEffects":true,"showParticleSystems":true,"showVisualEffectGraphs":true,"m_FxEnabled":true},"in2DMode":false,"pivot":{"x":-0.9652109742164612,"y":1.1060523986816407,"z":-0.20758342742919923},"rotation":{"x":-0.045398909598588946,"y":-0.09039030224084854,"z":0.004119627643376589,"w":-0.9949015378952026},"size":2.121424674987793,"orthographic":false}