{"cameraMode":{"drawMode":0,"name":"Shaded","section":"Shading Mode"},"sceneLighting":true,"audioPlay":false,"sceneViewState":{"m_AlwaysRefresh":false,"showFog":true,"showSkybox":true,"showFlares":true,"showImageEffects":true,"showParticleSystems":true,"showVisualEffectGraphs":true,"m_FxEnabled":true},"in2DMode":false,"pivot":{"x":-13.44266128540039,"y":10.509117126464844,"z":-0.10166016966104508},"rotation":{"x":-0.18764543533325196,"y":-0.2942485809326172,"z":0.059033144265413287,"w":-0.9352867007255554},"size":0.6888619065284729,"orthographic":false}