{"cameraMode":{"drawMode":0,"name":"Shaded","section":"Shading Mode"},"sceneLighting":false,"audioPlay":false,"sceneViewState":{"m_AlwaysRefresh":false,"showFog":true,"showSkybox":false,"showFlares":true,"showImageEffects":true,"showParticleSystems":true,"showVisualEffectGraphs":true,"m_FxEnabled":true},"in2DMode":false,"pivot":{"x":0.16107189655303956,"y":3.0503716468811037,"z":-0.1748182773590088},"rotation":{"x":-0.21548797190189362,"y":0.2784406840801239,"z":-0.06425538659095764,"w":-0.9337761402130127},"size":3.9102227687835695,"orthographic":false}